날짜,공매도잔고,상장주식수,공매도금액,시가총액,비중
2025-07-01,802797,728002365,229198543500,207844675207500.0,0.11
2025-07-02,642763,728002365,179330877000,203112659835000.0,0.09
2025-07-03,640409,728002365,178353906500,202748658652500.0,0.09
2025-07-04,760198,728002365,205633559000,196924639732500.0,0.1
2025-07-07,830248,728002365,224997208000,197288640915000.0,0.11
2025-07-08,828636,728002365,233675352000,205296666930000.0,0.11
2025-07-09,823227,728002365,231326787000,204568664565000.0,0.11
2025-07-10,741414,728002365,220199958000,216216702405000.0,0.1
2025-07-11,786409,728002365,231597450500,214396696492500.0,0.11
2025-07-14,792703,728002365,237810900000,218400709500000.0,0.11
2025-07-15,842973,728002365,251627440500,217308705952500.0,0.12
2025-07-16,1285768,728002365,380587328000,215488700040000.0,0.18
2025-07-17,1132891,728002365,305314124500,196196637367500.0,0.16
2025-07-18,1025346,728002365,275818074000,195832636185000.0,0.14
2025-07-21,1189014,728002365,324006315000,198380644462500.0,0.16
2025-07-22,1310532,728002365,351877842000,195468635002500.0,0.18
2025-07-23,1446341,728002365,389065729000,195832636185000.0,0.2
2025-07-24,1400738,728002365,377498891000,196196637367500.0,0.19
2025-07-25,1183789,728002365,314887874000,193648629090000.0,0.16
2025-07-28,1267207,728002365,332008234000,190736619630000.0,0.17
2025-07-29,1218669,728002365,319900612500,191100620812500.0,0.17
2025-07-30,1279220,728002365,337074470000,191828623177500.0,0.18
2025-07-31,1025729,728002365,280536881500,199108646827500.0,0.14
2025-08-01,1105477,728002365,285213066000,187824610170000.0,0.15
2025-08-04,1003767,728002365,258971886000,187824610170000.0,0.14
2025-08-05,957794,728002365,252378719000,191828623177500.0,0.13
2025-08-06,993847,728002365,256909449500,188188611352500.0,0.14
2025-08-07,950267,728002365,248969954000,190736619630000.0,0.13
2025-08-08,970164,728002365,248847066000,186732606622500.0,0.13
2025-08-11,811741,728002365,216734847000,194376631455000.0,0.11
2025-08-12,908075,728002365,244272175000,195832636185000.0,0.12
2025-08-13,788456,728002365,219190768000,202384657470000.0,0.11
2025-08-14,799694,728002365,221115391000,201292653922500.0,0.11
2025-08-18,838741,728002365,224363217500,194740632637500.0,0.12
2025-08-19,846013,728002365,222501419000,191464621995000.0,0.12
2025-08-20,811397,728002365,207311933500,186004604257500.0,0.11
2025-08-21,1060561,728002365,259837445000,178360579425000.0,0.15
2025-08-22,1063731,728002365,266996481000,182728593615000.0,0.15
2025-08-25,1430232,728002365,371145204000,188916613717500.0,0.2
2025-08-26,1436914,728002365,375753011000,190372618447500.0,0.2
2025-08-27,1439484,728002365,374265840000,189280614900000.0,0.2
2025-08-28,1455339,728002365,390758521500,195468635002500.0,0.2
2025-08-29,1505939,728002365,405097591000,195832636185000.0,0.21
2025-09-01,1624596,728002365,415896576000,186368605440000.0,0.22
2025-09-02,1708344,728002365,445023612000,189644616082500.0,0.23
2025-09-03,1737177,728002365,456008962500,191100620812500.0,0.24
2025-09-04,1949737,728002365,517655173500,193284627907500.0,0.27
2025-09-05,2096874,728002365,573495039000,199108646827500.0,0.29
2025-09-08,2086993,728002365,578097061000,201656655105000.0,0.29
2025-09-09,1924055,728002365,554127840000,209664681120000.0,0.26
2025-09-10,1768100,728002365,537502400000,221312718960000.0,0.24
2025-09-11,1665166,728002365,511205962000,223496726055000.0,0.23
2025-09-12,1498667,728002365,492312109500,239148776902500.0,0.21
2025-09-15,1501887,728002365,497124597000,240968782815000.0,0.21
2025-09-16,1511376,728002365,525958848000,253344823020000.0,0.21
2025-09-17,1639231,728002365,546683538500,242788788727500.0,0.23
2025-09-18,1661694,728002365,586577982000,256984834845000.0,0.23
2025-09-19,1836372,728002365,648239316000,256984834845000.0,0.25
2025-09-22,1818990,728002365,638465490000,255528830115000.0,0.25
2025-09-23,1892938,728002365,683350618000,262808853765000.0,0.26
2025-09-24,1406182,728002365,502710065000,260260845487500.0,0.19
2025-09-25,1349320,728002365,481032580000,259532843122500.0,0.19
2025-09-26,1377779,728002365,463622633500,244972795822500.0,0.19
2025-09-29,1361836,728002365,475280764000,254072825385000.0,0.19
2025-09-30,1354948,728002365,470844430000,252980821837500.0,0.19
2025-10-01,1392995,728002365,501478200000,262080851400000.0,0.19
2025-10-02,1424759,728002365,563492184500,287924935357500.0,0.2
2025-10-10,1668811,728002365,714251108000,311585012220000.0,0.23
2025-10-13,1670640,728002365,693315600000,302120981475000.0,0.23
2025-10-14,1702765,728002365,700687797500,299572973197500.0,0.23
2025-10-15,1817926,728002365,768073735000,307580999212500.0,0.25
2025-10-16,1841242,728002365,833162005000,329421070162500.0,0.25
2025-10-17,2016520,728002365,938690060000,338885100907500.0,0.28
2025-10-20,2105436,728002365,1022189178000,353445148207500.0,0.29
2025-10-21,2073929,728002365,993411991000,348713132835000.0,0.28
2025-10-22,2060794,728002365,992272311000,350533138747500.0,0.28
2025-10-23,1942461,728002365,929467588500,348349131652500.0,0.27
2025-10-24,1750569,728002365,892790190000,371281206150000.0,0.24
2025-10-27,1826702,728002365,977285570000,389481265275000.0,0.25
2025-10-28,1920460,728002365,1000559660000,379289232165000.0,0.26
2025-10-29,1772370,728002365,988982460000,406225319670000.0,0.24
2025-10-30,1949637,728002365,1107393816000,413505343320000.0,0.27
2025-10-31,1820008,728002365,1017384472000,406953322035000.0,0.25
2025-11-03,1782174,728002365,1104947880000,451361466300000.0,0.24
2025-11-04,1758469,728002365,1030462834000,426609385890000.0,0.24
2025-11-05,1679457,728002365,972405603000,421513369335000.0,0.23
2025-11-06,1729561,728002365,1025629673000,431705402445000.0,0.24
2025-11-07,1680813,728002365,974871540000,422241371700000.0,0.23
2025-11-10,1438796,728002365,871910376000,441169433190000.0,0.2
2025-11-11,1454443,728002365,900300217000,450633463935000.0,0.2
2025-11-12,991634,728002365,611838178000,449177459205000.0,0.14
2025-11-13,984339,728002365,602415468000,445537447380000.0,0.14
2025-11-14,1041006,728002365,582963360000,407681324400000.0,0.14
2025-11-17,1049892,728002365,636234552000,441169433190000.0,0.14
2025-11-18,1051785,728002365,599517450000,414961348050000.0,0.14
2025-11-19,1034108,728002365,581168696000,409137329130000.0,0.14
2025-11-20,1064987,728002365,608107577000,415689350415000.0,0.15
2025-11-21,819744,728002365,427086624000,379289232165000.0,0.11
2025-11-24,197446,728002365,102671920000,378561229800000.0,0.03
2025-11-25,130886,728002365,67929834000,377833227435000.0,0.02
2025-11-26,196027,728002365,102718148000,381473239260000.0,0.03
2025-11-27,197027,728002365,107182688000,396033286560000.0,0.03
2025-11-28,224715,728002365,119098950000,385841253450000.0,0.03
2025-12-01,224915,728002365,121004270000,391665272370000.0,0.03
2025-12-02,220655,728002365,123125490000,406225319670000.0,0.03
2025-12-03,220642,728002365,121794384000,401857305480000.0,0.03
2025-12-04,220642,728002365,119587964000,394577281830000.0,0.03
2025-12-05,217220,728002365,118167680000,396033286560000.0,0.03
2025-12-08,214948,728002365,124024996000,420057364605000.0,0.03
2025-12-09,214553,728002365,121436998000,412049338590000.0,0.03
2025-12-10,209945,728002365,123237715000,427337388255000.0,0.03
2025-12-11,206385,728002365,116607525000,411321336225000.0,0.03
2025-12-12,205554,728002365,117371334000,415689350415000.0,0.03
2025-12-15,201054,728002365,111383916000,403313310210000.0,0.03
2025-12-16,201054,728002365,106558620000,385841253450000.0,0.03
2025-12-17,201054,728002365,110780754000,401129303115000.0,0.03
2025-12-18,200064,728002365,110435328000,401857305480000.0,0.03
2025-12-19,199860,728002365,109323420000,398217293655000.0,0.03
2025-12-22,199860,728002365,115918800000,422241371700000.0,0.03
2025-12-23,199853,728002365,116714152000,425153381160000.0,0.03
2025-12-24,199853,728002365,117513564000,428065390620000.0,0.03
2025-12-26,204949,728002365,122764451000,436073416635000.0,0.03
2025-12-29,204949,728002365,131167360000,465921513600000.0,0.03
2025-12-30,204949,728002365,133421799000,473929539615000.0,0.03
2026-01-02,204949,728002365,138750473000,492857601105000.0,0.03
2026-01-05,204904,728002365,142613184000,506689646040000.0,0.03
2026-01-06,198003,728002365,143750178000,528529716990000.0,0.03
2026-01-07,191915,728002365,142400930000,540177754830000.0,0.03
2026-01-08,191560,728002365,144819360000,550369787940000.0,0.03
2026-01-09,191560,728002365,142520640000,541633759560000.0,0.03
2026-01-12,191993,728002365,143802757000,545273771385000.0,0.03
2026-01-13,191935,728002365,141648030000,537265745370000.0,0.03
2026-01-14,182173,728002365,135172366000,540177754830000.0,0.03
2026-01-15,178597,728002365,133769153000,545273771385000.0,0.02
2026-01-16,175158,728002365,132419448000,550369787940000.0,0.02
2026-01-19,175158,728002365,133820712000,556193806860000.0,0.02
2026-01-20,155111,728002365,115247473000,540905757195000.0,0.02
2026-01-21,143051,728002365,105857740000,538721750100000.0,0.02
2026-01-22,122796,728002365,92710980000,549641785575000.0,0.02
2026-01-23,109334,728002365,83859178000,558377813955000.0,0.02
2026-01-26,109196,728002365,80368256000,535809740640000.0,0.01
2026-01-27,109196,728002365,87356800000,582401892000000.0,0.01
2026-01-28,100340,728002365,84385940000,612249988965000.0,0.01
2026-01-29,96147,728002365,82782567000,626810036265000.0,0.01
2026-01-30,95764,728002365,87049476000,661754149785000.0,0.01
2026-02-02,95740,728002365,79464200000,604241962950000.0,0.01
2026-02-03,95739,728002365,86835273000,660298145055000.0,0.01
2026-02-04,95739,728002365,86165100000,655202128500000.0,0.01
2026-02-05,95739,728002365,80612238000,612977991330000.0,0.01
2026-02-06,95739,728002365,80325021000,610793984235000.0,0.01
2026-02-09,92798,728002365,82311826000,645738097755000.0,0.01
2026-02-10,91973,728002365,80568348000,637730071740000.0,0.01
2026-02-11,91973,728002365,79096780000,626082033900000.0,0.01
2026-02-12,88459,728002365,78551592000,646466100120000.0,0.01
2026-02-13,88459,728002365,77843920000,640642081200000.0,0.01
2026-02-19,88459,728002365,79082346000,650834114310000.0,0.01
2026-02-20,87171,728002365,82725279000,690874244385000.0,0.01
2026-02-23,87171,712702365,82899621000,677779949115000.0,0.01
2026-02-24,87171,712702365,87606855000,716265876825000.0,0.01
2026-02-25,68990,712702365,70231820000,725531007570000.0,0.01
2026-02-26,68985,712702365,75814515000,783259899135000.0,0.01
2026-02-27,68982,712702365,73189902000,756177209265000.0,0.01
2026-03-03,68979,712702365,64771281000,669227520735000.0,0.01
2026-03-04,68869,712702365,58469781000,605084307885000.0,0.01
2026-03-05,68044,712702365,64029404000,670652925465000.0,0.01
2026-03-06,68044,712702365,62872656000,658536985260000.0,0.01
2026-03-09,126903,712702365,106090908000,595819177140000.0,0.02
2026-03-10,67979,712702365,63764302000,668514818370000.0,0.01
2026-03-11,112603,712702365,107535865000,680630758575000.0,0.02
2026-03-12,278427,712702365,258937110000,662813199450000.0,0.04
2026-03-13,67876,712702365,61767160000,648559152150000.0,0.01
2026-03-16,67876,712702365,66111224000,694172103510000.0,0.01
2026-03-17,67600,712702365,65572000000,691321294050000.0,0.01
2026-03-18,67493,712702365,71272608000,752613697440000.0,0.01
2026-03-19,67493,712702365,68370409000,721967495745000.0,0.01
2026-03-20,67493,712702365,67965451000,717691281555000.0,0.01
2026-03-23,67493,712702365,62970969000,664951306545000.0,0.01
2026-03-24,67493,712702365,66548098000,702724531890000.0,0.01
2026-03-25,67156,712702365,66820220000,709138853175000.0,0.01
2026-03-26,67156,712702365,62656548000,664951306545000.0,0.01
2026-03-27,67156,712702365,61917832000,657111580530000.0,0.01
2026-03-30,67156,712702365,58627188000,622189164645000.0,0.01
2026-03-31,67156,712702365,54194892000,575150808555000.0,0.01
2026-04-01,67096,712702365,59916728000,636443211945000.0,0.01
2026-04-02,67034,712702365,55638220000,591542962950000.0,0.01
2026-04-03,67034,712702365,58721784000,624327271740000.0,0.01
2026-04-06,67034,712702365,59392124000,631454295390000.0,0.01
2026-04-07,67034,712702365,61403144000,652835366340000.0,0.01
2026-04-08,67034,712702365,69246122000,736221543045000.0,0.01
2026-04-09,67034,712702365,66899932000,711276960270000.0,0.01
2026-04-10,67034,712702365,68843918000,731945328855000.0,0.01
2026-04-13,67034,712702365,69715360000,741210459600000.0,0.01
2026-04-14,67034,712702365,73938502000,786110708595000.0,0.01
2026-04-15,66991,712702365,76101776000,809629886640000.0,0.01
2026-04-16,66823,712702365,77180565000,823171231575000.0,0.01
2026-04-17,204192,712702365,230328576000,803928267720000.0,0.03
2026-04-20,188139,712702365,219370074000,831010957590000.0,0.03
2026-04-21,559084,712702365,684318816000,872347694760000.0,0.08
2026-04-22,524879,712702365,641927017000,871634992395000.0,0.07
2026-04-23,489343,712702365,599445175000,873060397125000.0,0.07
2026-04-24,516211,712702365,630809842000,870922290030000.0,0.07
2026-04-27,520075,712702365,671936900000,920811455580000.0,0.07
2026-04-28,524717,712702365,682132100000,926513074500000.0,0.07
2026-04-29,63342,712702365,81901206000,921524157945000.0,0.01
2026-04-30,62607,712702365,80512602000,916535241390000.0,0.01
2026-05-04,49321,712702365,71367487000,1031280322155000.0,0.01
2026-05-06,49321,712702365,78962921000,1141036486365000.0,0.01
2026-05-07,49321,712702365,81576934000,1178809711710000.0,0.01
2026-05-08,49291,712702365,83104626000,1201616187390000.0,0.01
2026-05-11,49828,712702365,93676640000,1339880446200000.0,0.01
2026-05-12,49210,712702365,90300350000,1307808839775000.0,0.01
2026-05-13,48332,712702365,95504032000,1408299873240000.0,0.01
2026-05-14,44196,712702365,87066120000,1404023659050000.0,0.01
2026-05-15,44196,712702365,80392524000,1296405601935000.0,0.01
2026-05-18,43942,712702365,80853280000,1311372351600000.0,0.01
2026-05-19,87884,712702365,153357580000,1243665626925000.0,0.01
2026-05-20,43942,712702365,76678790000,1243665626925000.0,0.01
2026-05-21,43942,712702365,85247480000,1382642588100000.0,0.01
2026-05-22,43942,712702365,85291422000,1383355290465000.0,0.01
2026-05-26,37736,712702365,77434272000,1462465252980000.0,0.01
2026-05-27,8114,712702365,18199702000,1598591404695000.0,0.0
2026-05-28,800,712702365,1831200000,1631375713485000.0,0.0
2026-05-29,1000,712702365,2333000000,1662734617545000.0,0.0
2026-06-01,1840,712702365,4347920000,1684115688495000.0,0.0
2026-06-02,1800,712702365,4248000000,1681977581400000.0,0.0
2026-06-04,1000,712702365,2298000000,1637790034770000.0,0.0
2026-06-05,1000,712702365,2070000000,1475293895550000.0,0.0
2026-06-08,1000,712702365,1911000000,1361974219515000.0,0.0
2026-06-09,1000,712702365,2215000000,1578635738475000.0,0.0
2026-06-10,1000,712702365,2048000000,1459614443520000.0,0.0
2026-06-11,1000,712702365,2101000000,1497387668865000.0,0.0
2026-06-12,2200,712702365,4730000000,1532310084750000.0,0.0
2026-06-15,22800,712702365,52166400000,1630663011120000.0,0.0
2026-06-16,8150,712702365,19413300000,1697657033430000.0,0.0
2026-06-17,8150,712702365,20546150000,1796722662165000.0,0.0
2026-06-18,8150,712702365,21882750000,1913605850025000.0,0.0
2026-06-19,5741,712702365,15868124000,1969909336860000.0,0.0
2026-06-22,5741,712702365,16757979000,2080378203435000.0,0.0
2026-06-23,5741,712702365,14668255000,1820954542575000.0,0.0
2026-06-24,5741,712702365,14811780000,1838772101700000.0,0.0
2026-06-25,5741,712702365,16746497000,2078952798705000.0,0.0
2026-06-26,5741,712702365,15345693000,1905053421645000.0,0.0
2026-06-29,53054,712702365,139425912000,1872981815220000.0,0.01
2026-06-30,250744,712702365,664471600000,1888661267250000.0,0.04
2026-07-01,218088,712702365,558305280000,1824518054400000.0,0.03
2026-07-02,522465,712702365,1142630955000,1558680072255000.0,0.07
2026-07-03,499825,712702365,1212075625000,1728303235125000.0,0.07
2026-07-06,525750,712702365,1231832250000,1669861641195000.0,0.07
2026-07-07,398312,712702365,876684712000,1568657905365000.0,0.06
2026-07-08,87822,712702365,182318472000,1479570109740000.0,0.01
2026-07-09,101104,712702365,221013344000,1557967369890000.0,0.01
2026-07-10,56337,712702365,122814660000,1553691155700000.0,0.01
2026-07-13,7341,712702365,13544145000,1314935863425000.0,0.0
2026-07-14,30088,712702365,57558344000,1363399624245000.0,0.0
